Site,Survey date,Site Number,Detector number,FOLDER,IN FILE,CHANNEL,OFFSET,DURATION,OUT FILE,TIME,HOUR,TIME-12,HOUR-12,AUTO ID,PULSES,MATCHING,MARGIN,ALTERNATES,N,Fc,Sc,Dur,Fmax,Fmin,Fmean,TBC,Fk,Tk,S1,Tc,Qual,FILES,MANUAL ID,TOTAL GHS
Gunnislake,08/08/2016,25,A2,,20160809_031611.wac,0,1157.803,2.196,0_20160809_033528_803,03:35:28,3,15:35:28,15,NoID,7,0,0,PIPY;MYNA;MYDAU,8,81.871,-2.25,9.681,84.352,79.082,81.712,48.877,81.56,2.904,197.397,8.624,3.99,1,RHFE,
Gunnislake,08/08/2016,25,A2,,20160808_211605.wac,0,2759.383,4.716,0_20160808_220204_383,22:02:04,22,10:02:04,10,PIPI,22,14,0.119915,RHFE;MYBR;MYBE,25,59.569,14.65,5.797,64.357,57.486,60.05,109.424,59.802,1.858,-70.552,4.602,26.35,1,RHFE PIPI,
Gunnislake,08/08/2016,25,A2,,20160810_211329.wac,0,1210.745,3.953,0_20160810_213339_745,21:33:39,21,09:33:39,9,PIPI,10,8,0.294375,MYBR;BABA,10,48.025,-47.81,2.55,50.397,46.216,47.795,250.438,47.65,0.816,139.355,1.841,5.52,1,RHFE PIPI,
Gunnislake,08/08/2016,25,A2,,20160810_211329.wac,0,241.324,15.475,0_20160810_211730_324,21:17:30,21,09:17:30,9,PIPI,90,55,0.136073,BABA;MYBR;PIPY;RHFE;MYBE,97,52.95,15.56,3.131,57.371,51.448,53.564,146.481,53.326,1.339,238.752,2.5,42.25,1,PIPI RHFE PIPI PIPI RHFE,
Gunnislake,08/08/2016,25,A2,,20160810_051541.wac,0,77.785,2.313,0_20160810_051658_785,05:16:58,5,17:16:58,17,RHFE,16,14,0.139733,PINA;PIPI,17,74.549,10.08,4.66,76.986,72.767,74.542,38.814,74.652,1.02,168.27,4.286,6.1,1,RHFE,
Gunnislake,08/08/2016,25,A2,,20160809_211513.wac,0,3271.307,2.992,0_20160809_220944_307,22:09:44,22,10:09:44,10,RHFE,16,8,0.049725,PIPI;MYBE,16,63.195,31.63,4.298,70.298,61.676,64.633,111.843,63.634,1.811,226.822,3.242,3.27,1,RHFE PIPI,
Gunnislake,08/08/2016,25,A2,,20160808_222025.wac,0,512.771,2.328,0_20160808_222857_771,22:28:57,22,10:28:57,10,RHFE,14,14,0.680074,,14,81.902,19.08,6.257,84.305,79.698,82.115,34.025,82.812,2.247,181.331,5.261,4.62,1,RHFE RHFE,
Gunnislake,08/08/2016,25,A2,,20160809_031611.wac,0,970.183,2.416,0_20160809_033221_183,03:32:21,3,15:32:21,15,RHFE,12,12,0.698556,,12,81.587,3.1,6.363,84.461,80.139,81.822,57.422,81.936,1.962,-46.26,5.145,4.07,1,RHFE,
Gunnislake,08/08/2016,25,A2,,20160810_211329.wac,0,128.352,2.047,0_20160810_211537_352,21:15:37,21,09:15:37,9,RHFE,2,2,0.744346,,2,82.908,-10.51,5.541,83.814,80.816,81.949,115.621,81.224,0.415,305.111,3.051,0.52,1,RHFE,
Gunnislake,08/08/2016,25,A2,,20160808_211605.wac,0,2962.375,2.024,0_20160808_220527_375,22:05:27,22,10:05:27,10,RHFE,4,4,0.634197,,4,81.65,2.04,6.758,84.711,80.612,82.119,95.228,82.058,4.128,-42.099,6.368,2.31,1,RHFE PIPI,
Gunnislake,08/08/2016,25,A2,,20160809_211513.wac,0,1867.641,4.057,0_20160809_214620_641,21:46:20,21,09:46:20,9,RHFE,22,16,0.166418,PIPI;PINA,26,70.012,27.2,5.962,74.629,66.758,70.455,95.092,70.714,1.99,162.708,4.008,8.86,1,RHFE PIPI,
Gunnislake,08/08/2016,25,A2,,20160808_211605.wac,0,1851.105,2.093,0_20160808_214656_105,21:46:56,21,09:46:56,9,RHFE,4,4,0.490354,,4,79.647,32.18,16.157,83.203,78.258,80.131,100.25,80.62,4.562,-56.904,14.551,5.94,1,RHFE,
Gunnislake,08/08/2016,25,A2,,20160808_211605.wac,0,543.576,2.223,0_20160808_212508_576,21:25:08,21,09:25:08,9,RHFE,5,5,0.508647,,6,81.791,-0.64,8.276,85.01,79.928,82.136,46.954,82.222,3.485,-296.56,7.993,3.04,1,RHFE,
Gunnislake,08/08/2016,25,A2,,20160810_201300.wac,0,3251.748,2.251,0_20160810_210711_748,21:07:11,21,09:07:11,9,RHFE,5,5,0.605089,,5,81.83,-34.78,9.529,83.926,77.673,81.037,37.685,80.673,3.664,-143.247,6.781,3.1,1,RHFE,
Gunnislake,08/08/2016,25,A2,,20160809_031611.wac,0,975.533,2.265,0_20160809_033226_533,03:32:26,3,15:32:26,15,RHFE,6,6,0.64631,,8,81.572,15.51,15.133,84.67,77.174,81.857,58.997,81.96,5.31,105.285,13.712,6.9,1,RHFE,
Gunnislake,08/08/2016,25,A2,,20160810_211329.wac,0,110.605,2.093,0_20160810_211519_605,21:15:19,21,09:15:19,9,RHFE,6,6,0.421803,,6,81.922,4.04,10.244,86.544,79.363,82.794,417.509,82.5,1.286,-414.784,9.462,6.13,1,RHHI RHFE,
Gunnislake,08/08/2016,25,A2,,20160809_031611.wac,0,1299.172,2.227,0_20160809_033750_172,03:37:50,3,15:37:50,15,RHFE,7,7,0.653402,,8,82.381,-3.43,10.37,85.52,79.73,82.353,41.504,82.062,3.696,143.154,8.213,5.35,1,RHFE,
Gunnislake,08/08/2016,25,A2,,20160809_031611.wac,0,1232.192,2.307,0_20160809_033643_192,03:36:43,3,15:36:43,15,RHFE,7,7,0.526482,,7,82.52,-22.99,12.926,84.956,79,82.21,41.993,82.25,2.584,-243.49,11.75,6.92,1,RHFE,
Gunnislake,08/08/2016,25,A2,,20160809_211513.wac,0,1187.017,2.281,0_20160809_213500_017,21:35:00,21,09:35:00,9,RHFE,7,7,0.734481,,8,81.343,-22.01,9.55,84.479,78.756,80.998,45.074,80.922,1.857,104.652,8.234,4.76,1,RHFE,
Gunnislake,08/08/2016,25,A2,,20160809_211513.wac,0,512.655,2.144,0_20160809_212345_655,21:23:45,21,09:23:45,9,RHFE,7,7,0.742788,,7,80.714,16.73,6.194,83.131,79.026,81.261,61.537,81.404,1.547,-75.143,5.022,4.44,1,RHFE,
Gunnislake,08/08/2016,25,A2,,20160809_031611.wac,0,932.756,2.343,0_20160809_033143_756,03:31:43,3,15:31:43,15,RHFE,7,7,0.506015,,10,82.412,-1.04,14.625,86.563,79.215,82.391,39.388,82.157,5.679,381.771,13.279,4.68,1,RHFE,
Gunnislake,08/08/2016,25,A2,,20160809_211513.wac,0,1229.021,2.277,0_20160809_213542_021,21:35:42,21,09:35:42,9,RHFE,8,7,0.444452,MYBE,9,80.781,25.82,9.047,83.126,78.305,80.848,43.944,81.285,1.952,32.642,8.069,7.8,1,RHFE,
Gunnislake,08/08/2016,25,A2,,20160808_211605.wac,0,2682.836,2.163,0_20160808_220047_836,22:00:47,22,10:00:47,10,RHFE,8,8,0.605952,,10,80.539,43.74,7.613,83.74,77.444,81.061,150.448,81.337,3.21,127.867,6.586,4.13,1,RHFE,
Gunnislake,08/08/2016,25,A2,,20160809_222440.wac,0,1964.633,2.265,0_20160809_225724_633,22:57:24,22,10:57:24,10,RHFE,8,8,0.661749,,9,81.944,-8.09,7.039,85.108,78.928,81.926,60.938,82.132,1.862,169.318,5.746,6.34,1,RHFE,
Gunnislake,08/08/2016,25,A2,,20160809_041712.wac,0,245.991,2.308,0_20160809_042117_991,04:21:17,4,16:21:17,16,RHFE,9,8,0.296217,PINA,9,76.982,15.34,11.835,80.277,74.866,77.291,54.134,77.412,4.252,289.128,10.291,7.02,1,RHFE,
Gunnislake,08/08/2016,25,A2,,20160810_201300.wac,0,3116.848,2.351,0_20160810_210456_848,21:04:56,21,09:04:56,9,RHFE,9,9,0.552987,,11,80.282,11.07,12.038,83.928,76.245,80.611,38.806,80.769,4.977,-54.897,10.433,6.82,1,RHFE,
Gunnislake,08/08/2016,25,A2,,20160809_031611.wac,0,1186.109,2.289,0_20160809_033557_109,03:35:57,3,15:35:57,15,RHFE,9,8,0.38999,PIPY,10,81.188,34.15,13.545,84.601,78.023,81.784,41.955,82.083,8.07,43.529,11.177,9.22,1,RHFE,
Gunnislake,08/08/2016,25,A2,,20160809_031611.wac,0,1076.809,2.389,0_20160809_033407_809,03:34:07,3,15:34:07,15,RHFE,9,9,0.580843,,11,82.428,7.94,10.579,84.728,77.676,82.008,42.632,82.287,4.369,116.523,9.86,8.51,1,RHFE,
Gunnislake,08/08/2016,25,A2,,20160808_211605.wac,0,1032.181,2.317,0_20160808_213317_181,21:33:17,21,09:33:17,9,RHFE,9,9,0.690134,,11,81.964,-12.58,10.114,84.399,79.028,81.886,47.079,81.757,1.645,-104.337,8.782,8.01,1,RHFE,
Gunnislake,08/08/2016,25,A2,,20160809_031611.wac,0,1053.793,2.305,0_20160809_033344_793,03:33:44,3,15:33:44,15,RHFE,10,10,0.546032,,10,81.986,0.39,9.237,85.221,78.519,82.027,61.55,82.153,2.588,53.45,8.616,4.37,1,RHFE,
Gunnislake,08/08/2016,30,C2,,20160811_041542.wac,0,2824.457,2.241,0_20160811_050246_457,05:02:46,5,17:02:46,17,NoID,10,0,0,,10,81.15,0.25,11.007,84.603,77.924,81.165,24.69,80.996,2.297,-136.924,9.509,6.83,1,RHFE,
Gunnislake,08/08/2016,30,C2,,20160810_211505.wac,0,172.12,2.179,0_20160810_211757_120,21:17:57,21,09:17:57,9,RHFE,7,7,0.614528,,7,80.854,23.62,11.727,84.22,76.545,81.413,30.401,81.778,3.296,253.779,10.074,3.49,1,RHFE NYNO PIPY,
Gunnislake,08/08/2016,30,C2,,20160812_211140.wac,0,573.271,2.628,0_20160812_212113_271,21:21:13,21,09:21:13,9,RHFE,7,7,0.754065,,8,81.885,-37.42,5.141,84.396,79.435,81.083,68.566,80.825,1.476,222.702,3.686,1.96,1,RHFE,
Gunnislake,08/08/2016,30,C2,,20160812_031400.wac,0,584.651,2.348,0_20160812_032344_651,03:23:44,3,15:23:44,15,RHFE,7,7,0.738588,,8,81.539,4.18,7.556,84.595,79.548,81.626,40.897,81.867,1.814,154.723,6.278,3.06,1,RHFE,
Gunnislake,08/08/2016,30,C2,,20160811_211321.wac,0,1322.319,2.08,0_20160811_213523_319,21:35:23,21,09:35:23,9,RHFE,6,6,0.72033,,6,80.152,-0.31,8.886,82.865,77.291,80.421,44.964,80.424,2.111,185.398,7.203,4.61,1,RHFE,
Gunnislake,08/08/2016,30,C2,,20160810_041642.wac,0,1982.104,2.295,0_20160810_044944_104,04:49:44,4,16:49:44,16,RHFE,9,9,0.738107,,10,80.788,18.95,7.592,82.795,78.657,80.925,28.106,80.94,1.625,250.984,6.53,4.41,1,RHFE,
Gunnislake,08/08/2016,30,C2,,20160809_211630.wac,0,315.209,2.189,0_20160809_212145_209,21:21:45,21,09:21:45,9,RHFE,5,5,0.668998,,8,80.492,36.2,7.975,83.365,78.52,80.723,26.83,81.272,1.804,116.341,5.971,5.06,1,RHFE,
Gunnislake,08/08/2016,30,C2,,20160811_031542.wac,0,2530.451,2.348,0_20160811_035752_451,03:57:52,3,15:57:52,15,RHFE,10,10,0.729541,,10,81.254,10.95,6.189,83.729,78.858,81.332,40.871,81.507,1.509,65.636,4.702,2.69,1,RHFE,
Gunnislake,08/08/2016,30,C2,,20160810_041642.wac,0,2547.007,2.092,0_20160810_045909_007,04:59:09,4,16:59:09,16,RHFE,5,5,0.671549,,5,82.32,-1.7,5.536,85.78,80.527,82.338,37.302,82.32,0.136,304.92,5.003,1.11,1,RHFE,
Gunnislake,08/08/2016,30,C2,,20160808_211809.wac,0,1385.313,2.385,0_20160808_214114_313,21:41:14,21,09:41:14,9,RHFE,10,10,0.731389,,10,80.931,0.77,5.116,84.463,78.14,81.005,22.67,80.761,1.174,63.621,4.154,3.28,1,RHFE,
Gunnislake,08/08/2016,30,C2,,20160811_041542.wac,0,1741.601,2.297,0_20160811_044443_601,04:44:43,4,16:44:43,16,RHFE,11,11,0.652156,,13,80.602,17.5,6.553,84.564,76.884,80.696,22.089,81.232,2.258,335.303,4.601,5.68,1,RHFE,
Gunnislake,08/08/2016,30,C2,,20160808_211809.wac,0,3256.971,2.228,0_20160808_221225_971,22:12:25,22,10:12:25,10,RHFE,11,11,0.699023,,11,81.351,-4.79,9.208,84.131,77.875,81.276,25.164,80.905,2.036,166.893,7.775,6.61,1,RHFE,
Gunnislake,08/08/2016,30,C2,,20160813_001149.wac,0,920.928,2.271,0_20160813_002709_928,00:27:09,0,12:27:09,12,RHFE,11,11,0.677459,,11,82.261,1.76,7.459,85.119,79.464,82.286,26.022,82.419,1.9,86.725,4.399,5.26,1,RHFE,
Gunnislake,08/08/2016,30,C2,,20160808_221956.wac,0,1287.628,2.271,0_20160808_224123_628,22:41:23,22,10:41:23,10,RHFE,11,11,0.677728,,11,80.549,1.57,8.316,83.422,77.702,80.763,29.167,80.695,1.338,-74.067,7.62,6.89,1,RHFE,
Gunnislake,08/08/2016,30,C2,,20160811_211321.wac,0,718.269,2.329,0_20160811_212519_269,21:25:19,21,09:25:19,9,RHFE,12,12,0.71626,,12,80.977,3.37,9.35,83.237,77.085,81.056,27.986,81.119,1.83,-78.497,8.141,6.71,1,RHFE,
Gunnislake,08/08/2016,30,C2,,20160810_021613.wac,0,2004.233,2.065,0_20160810_024937_233,02:49:37,2,14:49:37,14,RHFE,4,4,0.680053,,4,80.628,2.13,14.916,83.156,78.33,80.852,46.108,81.233,1.674,-17.082,14.792,4.27,1,RHFE,
Gunnislake,08/08/2016,30,C2,,20160810_041642.wac,0,3447.091,2.308,0_20160810_051409_091,05:14:09,5,17:14:09,17,RHFE,15,14,0.56465,PIPY,15,81.115,0.06,8.812,84.195,78.123,81.288,24.172,81.437,4.97,282.277,7.856,8.49,1,RHFE,
Gunnislake,08/08/2016,30,C2,,20160812_211140.wac,0,2097.56,2.139,0_20160812_214637_560,21:46:37,21,09:46:37,9,RHFE,3,3,0.731776,,3,81.633,2.74,5.71,84.098,80.042,81.817,33.346,81.927,0.048,203.639,4.327,0.8,1,RHFE PIPY,
Gunnislake,08/08/2016,41,E2,,20160809_212152.wac,0,1879.053,606.645,0_20160809_215311_053,21:53:11,21,09:53:11,9,PIPY,17,10,0.087377,MYBE;MYNA;RHFE;MYBR,23,57.73,25.14,2.376,60.443,53.32,57.014,22558.463,57.731,1.11,-443.537,1.777,28.39,1,RHFE,
Gunnislake,08/08/2016,41,E2,,20160809_212152.wac,0,54.396,473.003,0_20160809_212246_396,21:22:46,21,09:22:46,9,RHFE,37,27,0.18918,MYBR;PIPI;PIPY,46,69.06,-12.08,5.366,72.516,66.329,70.654,6700.911,69.114,2.003,-46.179,4.37,37.39,1,RHFE RHHI PIPI RHHI RHHI PIPI,
Gunnislake,08/08/2016,41,E2,,20160809_212152.wac,0,50.712,3.587,0_20160809_212242_712,21:22:42,21,09:22:42,9,RHFE,10,10,0.631193,,10,79.627,0.3,7.859,83.444,76.616,79.656,33.479,79.63,2.6,329.958,6.612,3.15,1,RHFE,
Gunnislake,08/08/2016,41,E2,,20160809_201600.wac,0,3545.516,38.683,0_20160809_211505_516,21:15:05,21,09:15:05,9,RHFE,34,33,0.545572,PIPY,35,80.419,4.69,8.145,83.084,76.834,81.132,219.201,80.251,3.285,-276.585,6.744,14.41,1,RHFE RHHI RHHI RHHI,
Gunnislake,08/08/2016,51,F2,,20160811_211653.wac,0,2452.595,2.104,0_20160811_215745_595,21:57:45,21,09:57:45,9,RHFE,2,2,0.582784,,2,81.731,39.84,4.81,85.126,76.88,82.291,65.637,82.483,2.821,101.875,3.525,1.22,1,RHFE,
Gunnislake,08/08/2016,31,G2,,20160810_211316.wac,0,320.529,2.169,0_20160810_211836_529,21:18:36,21,09:18:36,9,RHFE,6,6,0.694254,,6,81.241,1.55,6.323,83.583,77.84,81.095,57.262,81.502,2.55,6.379,5.189,2.77,1,RHFE,
Gunnislake,08/08/2016,31,G2,,20160808_211605.wac,0,2845.997,2.301,0_20160808_220330_997,22:03:30,22,10:03:30,10,RHFE,10,10,0.721834,,11,81.131,0.95,11.928,83.974,76.159,80.974,44.979,81.286,4.079,4.401,9.886,3.42,1,RHFE,
Gunnislake,08/08/2016,23,H1,,20160812_041159.wac,0,2374.019,2.68,0_20160812_045133_019,04:51:33,4,16:51:33,16,NYNO,7,3,0.093327,NYLE;RHFE,7,31.25,15.46,2.363,32.399,30.603,31.369,369.643,31.537,0.78,224.537,2.18,1.54,1,NYCT RHFE,
Gunnislake,08/08/2016,23,H1,,20160808_211927.wac,0,3272.297,2.101,0_20160808_221359_297,22:13:59,22,10:13:59,10,RHFE,6,6,0.666218,,6,81.672,-10.39,7.775,84.498,77.222,81.66,21.822,81.933,3.064,77.964,7.229,2.19,1,RHFE,
Gunnislake,08/08/2016,23,H1,,20160808_231648.wac,0,2045.859,2.04,0_20160808_235053_859,23:50:53,23,11:50:53,11,RHFE,2,2,0.645556,,2,81.224,3.53,19.522,84.257,74.024,81.721,82.318,82.483,0.704,76.273,17.675,2.28,1,RHFE,
Gunnislake,08/08/2016,23,H1,,20160812_031217.wac,0,1891.624,2.075,0_20160812_034348_624,03:43:48,3,15:43:48,15,RHFE,6,6,0.759334,,6,81.377,6.11,6.702,83.53,79.754,81.735,27.385,81.791,0.704,65.961,6.022,2.62,1,RHFE,
Gunnislake,08/08/2016,23,H1,,20160811_041405.wac,0,2514.433,2.165,0_20160811_045559_433,04:55:59,4,16:55:59,16,RHFE,11,11,0.661043,,11,82.261,1.4,7.464,85.206,78.784,82.037,21.561,82.429,2.595,213.372,6.036,4.04,1,RHFE,
Gunnislake,08/08/2016,2,I1,,20160808_201800.wac,0,3115.463,15.436,0_20160808_210955_463,21:09:55,21,09:09:55,9,PIPY,9,5,0.112377,BABA;PIPI;MYBR,10,51.266,64.99,2.145,62.559,50.319,53.776,1566.261,52.905,1.046,536.402,1.74,5.13,1,PIPY PIPY PIPI PIPI MYO PIPY PIPI PIPY PIPI PIPY RHFE PIPI PIPY,
Gunnislake,08/08/2016,2,I1,,20160808_201800.wac,0,3214.811,8.188,0_20160808_211134_811,21:11:34,21,09:11:34,9,PIPY,4,3,0.389233,PIPI,4,52.1,30.43,2.339,60.531,51.272,53.979,1136,53.464,1.122,429.222,2.226,0.98,1,PIPY MYO PIPI PIPY PIPI RHFE RHFE PIPI PIPY,
Gunnislake,08/08/2016,2,I1,,20160808_220719.wac,0,451.669,5.929,0_20160808_221450_669,22:14:50,22,10:14:50,10,PIPY,6,5,0.418614,PIPI,7,51.502,12.14,2.217,54.751,50.193,52.035,534.44,52.219,0.571,314.949,1.631,2.74,1,PIPY PIPY MYO RHFE PIPY PIPI PIPY,
Gunnislake,08/08/2016,36,I2,,20160808_212102.wac,0,1291.776,2.023,0_20160808_214233_776,21:42:33,21,09:42:33,9,Noise,1,0,0,,0,0,0,0,0,0,0,0,0,0,0,0,0,1,RHFE PIPI,
Gunnislake,08/08/2016,36,I2,,20160808_212102.wac,0,1529.795,6.204,0_20160808_214631_795,21:46:31,21,09:46:31,9,RHFE,15,14,0.453332,PIPI,18,80.283,0.31,7.866,82.553,76.596,80.278,85.465,80.396,2.941,21.96,6.908,5.57,1,RHFE PIPI,
Gunnislake,08/08/2016,55,J1,,20160808_201700.wac,0,2610.772,376.227,0_20160808_210030_772,21:00:30,21,09:00:30,9,PIPY,865,468,0.138902,BABA;PIPI;MYBR;MYBE;PINA;RHFE;MYNA;MYDAU;NYNO,956,53.409,36.96,2.39,60.922,52.223,55.486,391.744,55.007,0.893,232.663,1.997,374.29,1,PIPY PIPY PIPY PIPY PIPI PIPI PIPI PIPY PIPY RHFE PIPI PIPY PIPI PIPI MYO PIPI PIPY PIPI NYNO PIPY RHFE PIPI PIPY PIPY PIPI PIPY PIPI PIPY BABA PIPI MYO PIPI PIPI PIPY PIPI PIPI PIPI MYO MYO PIPI PIPY PIPI PIPI PIPY PIPI PIPY PIPI RHHI PIPY PIPI,
Gunnislake,08/08/2016,8,K1,,20160809_033920.wac,0,1998.233,2.165,0_20160809_041238_233,04:12:38,4,16:12:38,16,RHFE,4,4,0.672748,,5,81.646,-32.13,7.808,83.725,79.705,81.635,35.43,80.993,1.396,1.419,7.007,3.32,1,RHFE,
Gunnislake,08/08/2016,8,K1,,20160808_221604.wac,0,1567.009,2.089,0_20160808_224211_009,22:42:11,22,10:42:11,10,RHFE,6,6,0.69831,,6,81.099,0.3,11.48,83.389,79.019,81.443,25.848,81.644,0.493,253.33,10.476,6.6,1,RHFE,
Gunnislake,08/08/2016,8,K1,,20160810_014848.wac,0,350.057,0.669,0_20160810_015438_057,01:54:38,1,13:54:38,13,RHFE,3,3,0.768331,,4,81.898,-53.7,10.467,83.795,80.016,81.701,27.948,81.65,0.293,108.203,9.462,3.09,1,RHFE,
Gunnislake,08/08/2016,16,K2,,20160812_050958.wac,0,696.921,7.277,0_20160812_052134_921,05:21:34,5,17:21:34,17,NoID,19,0,0,PIPY;RHFE,22,66.214,17.18,4.709,74.471,62.959,67.364,302.267,67.083,1.292,64.444,4.138,6.41,1,RHFE PIPY,
Gunnislake,08/08/2016,16,K2,,20160812_050958.wac,0,109.007,2.192,0_20160812_051147_007,05:11:47,5,17:11:47,17,NoID,7,0,0,BABA,8,81.029,-4.41,6.08,82.857,77.895,80.882,40.635,80.636,2.547,45.911,5.616,3.51,1,RHFE,
Gunnislake,08/08/2016,16,K2,,20160813_220600.wac,0,802.129,2.069,0_20160813_221922_129,22:19:22,22,10:19:22,10,NoID,10,0,0,PIPY;RHFE;PIPI,10,67.826,15.23,8.314,71.852,66.069,68.787,143.666,69.045,0.992,11.259,7.893,15.91,1,RHFE PIPY,
Gunnislake,08/08/2016,16,K2,,20160813_210517.wac,0,170.171,3.928,0_20160813_210807_171,21:08:07,21,09:08:07,9,PIPI,6,3,0.068938,RHFE;MYBR,7,61.94,26.33,14.166,71.055,58.593,63.021,320.172,63.175,3.325,400.804,13.174,9.83,1,RHFE PIPI,
Gunnislake,08/08/2016,16,K2,,20160810_211027.wac,0,271.433,3.565,0_20160810_211458_433,21:14:58,21,09:14:58,9,PIPI,28,18,0.088559,RHFE;MYBR,28,56.964,25.89,5.963,60.32,55.189,57.583,78.413,57.903,1.669,208.962,4.155,16.73,1,RHFE PIPI,
Gunnislake,08/08/2016,16,K2,,20160812_050958.wac,0,106.647,2.252,0_20160812_051144_647,05:11:44,5,17:11:44,17,PIPY,5,3,0.104773,RHFE,6,68.115,51.36,4.681,72.374,66.95,68.671,446.042,69.063,1.397,274.135,3.15,0.89,1,RHFE PIPY,
Gunnislake,08/08/2016,16,K2,,20160809_211213.wac,0,419.363,2.336,0_20160809_211912_363,21:19:12,21,09:19:12,9,RHFE,9,9,0.615247,,9,81.837,42.8,9.371,85.447,77.05,81.859,41.863,82.454,3.55,66.951,6.647,4.12,1,RHFE,
Gunnislake,08/08/2016,16,K2,,20160808_221450.wac,0,2238.136,2.263,0_20160808_225208_136,22:52:08,22,10:52:08,10,RHFE,9,9,0.63376,,9,80.827,1.26,12.492,83.502,77.484,80.827,48.585,81.027,1.654,-222.147,11.151,5.53,1,RHFE,
Gunnislake,08/08/2016,16,K2,,20160813_220600.wac,0,1126.913,2.185,0_20160813_222446_913,22:24:46,22,10:24:46,10,RHFE,9,9,0.758152,,10,80.933,24.4,9.693,82.656,78.302,81.266,46.353,81.081,2.162,87.67,8.544,2.71,1,RHFE,
Gunnislake,08/08/2016,16,K2,,20160809_211213.wac,0,1145.06,2.339,0_20160809_213118_060,21:31:18,21,09:31:18,9,RHFE,9,9,0.669691,,10,82.16,2.25,11.254,84.196,79.05,81.941,42.683,82.235,4.375,288.323,9.526,5.4,1,RHFE,
Gunnislake,08/08/2016,16,K2,,20160812_050958.wac,0,519.149,2.549,0_20160812_051837_149,05:18:37,5,17:18:37,17,RHFE,9,7,0.230491,PIPI,11,75.202,9.13,8.954,79.238,72.131,75.409,70.109,75.674,5.374,222.532,8.139,10.04,1,RHFE PIPI,
Gunnislake,08/08/2016,16,K2,,20160811_200800.wac,0,3335.331,2.268,0_20160811_210335_331,21:03:35,21,09:03:35,9,RHFE,9,9,0.704554,,9,80.293,12.18,11.188,83.115,78.742,80.711,43.785,80.74,1.272,76.574,10.038,3.59,1,RHFE,
Gunnislake,08/08/2016,16,K2,,20160810_211027.wac,0,63.971,2.328,0_20160810_211130_971,21:11:30,21,09:11:30,9,RHFE,9,9,0.604381,,9,81.844,0.96,13.923,85.43,77.129,81.93,42.285,82.432,3.562,-17.049,10.885,6.16,1,RHFE,
Gunnislake,08/08/2016,16,K2,,20160809_211213.wac,0,545.101,2.397,0_20160809_212118_101,21:21:18,21,09:21:18,9,RHFE,9,9,0.560796,,11,81.815,-6.75,12.425,84.582,76.436,81.568,42.349,81.687,3.842,-192.023,10.465,8.07,1,RHFE,
Gunnislake,08/08/2016,16,K2,,20160809_211213.wac,0,572.459,2.34,0_20160809_212145_459,21:21:45,21,09:21:45,9,RHFE,8,8,0.688357,,8,80.539,22.8,8.9,82.829,77.259,81.087,43.764,81.249,2.964,145.941,7.15,3.54,1,RHFE,
Gunnislake,08/08/2016,16,K2,,20160813_050834.wac,0,207.107,4.392,0_20160813_051201_107,05:12:01,5,17:12:01,17,RHFE,10,10,0.737092,,12,81.046,-4.24,10.196,84.357,77.955,81.038,40.968,80.972,5.362,114.733,9.736,5.43,1,RHFE PIPI,
Gunnislake,08/08/2016,16,K2,,20160809_211213.wac,0,728.068,2.331,0_20160809_212421_068,21:24:21,21,09:24:21,9,RHFE,8,8,0.563536,,8,81.973,1.21,15.604,84.624,75.685,81.858,48.561,82.283,1.873,-309.119,11.046,7.73,1,RHFE,
Gunnislake,08/08/2016,16,K2,,20160809_211213.wac,0,870.504,2.295,0_20160809_212643_504,21:26:43,21,09:26:43,9,RHFE,8,8,0.578219,,9,82.218,-4.08,12.665,85.718,74.621,81.916,39.485,82.128,4.385,98.75,9.734,2.68,1,RHFE,
Gunnislake,08/08/2016,16,K2,,20160809_031413.wac,0,1579.992,2.307,0_20160809_034032_992,03:40:32,3,15:40:32,15,RHFE,11,11,0.5947,,11,81.511,7.99,10.927,84.356,77.926,81.63,41.164,81.892,2.413,136.058,8.986,4.85,1,RHFE,
Gunnislake,08/08/2016,16,K2,,20160813_210517.wac,0,20.588,2.311,0_20160813_210537_588,21:05:37,21,09:05:37,9,RHFE,8,8,0.568149,,8,81.548,-3.55,13.282,83.513,77.071,81.361,49.72,81.344,2.955,-270.81,11.304,3.86,1,RHFE,
Gunnislake,08/08/2016,16,K2,,20160809_051418.wac,0,229.207,2.292,0_20160809_051807_207,05:18:07,5,17:18:07,17,RHFE,8,7,0.389386,RHHI,11,80.222,54.15,10.61,82.8,75.68,80.699,44.707,81.209,3.647,15.281,8.791,6.78,1,RHFE,
Gunnislake,08/08/2016,16,K2,,20160809_041411.wac,0,2198.22,2.279,0_20160809_045049_220,04:50:49,4,16:50:49,16,RHFE,11,11,0.742493,,12,80.359,-0.96,8.803,82.63,76.707,80.231,45.806,80.234,3.083,61.437,7.259,5.4,1,RHFE,
Gunnislake,08/08/2016,16,K2,,20160812_210717.wac,0,221.38,2.219,0_20160812_211058_380,21:10:58,21,09:10:58,9,RHFE,8,8,0.733043,,8,80.931,-0.29,9.251,83.62,78.228,80.905,43.648,80.935,2.972,100.414,7.603,4.78,1,RHFE,
Gunnislake,08/08/2016,16,K2,,20160812_050958.wac,0,704.425,4.773,0_20160812_052142_425,05:21:42,5,17:21:42,17,RHFE,12,12,0.715521,,13,79.041,20.22,7.711,81.902,75.592,79.406,179.93,79.63,2.982,-35.494,7.166,3.33,1,RHFE PIPI,
Gunnislake,08/08/2016,16,K2,,20160813_050834.wac,0,860.608,2.591,0_20160813_052254_608,05:22:54,5,17:22:54,17,RHFE,12,12,0.578969,,14,81.439,-15.87,10.671,83.511,77.345,81.116,54.51,81.323,4.255,15.328,9.054,6.53,1,RHFE,
Gunnislake,08/08/2016,16,K2,,20160812_210717.wac,0,113.344,2.255,0_20160812_210910_344,21:09:10,21,09:09:10,9,RHFE,8,8,0.597399,,8,82.062,-3.73,12.421,84.916,76.468,82.01,31.37,81.964,2.867,201.713,11.351,2.49,1,RHFE,
Gunnislake,08/08/2016,16,K2,,20160808_211432.wac,0,858.087,2.312,0_20160808_212850_087,21:28:50,21,09:28:50,9,RHFE,7,7,0.629979,,8,82.181,-4.87,9.931,85.617,78.086,81.963,43.375,82.092,4.909,214.464,8.167,2.29,1,RHFE,
Gunnislake,08/08/2016,16,K2,,20160813_200500.wac,0,3560.521,2.277,0_20160813_210420_521,21:04:20,21,09:04:20,9,RHFE,3,3,0.480894,,6,81.725,-19.31,20.211,85.367,76.006,81.523,51.07,82.087,6.474,1.649,17.883,3.06,1,RHFE,
Gunnislake,08/08/2016,16,K2,,20160811_051107.wac,0,775.457,2.241,0_20160811_052402_457,05:24:02,5,17:24:02,17,RHFE,7,7,0.671109,,7,80.733,-3.75,13.326,83.671,76.565,80.409,49.27,80.27,3.966,418.328,9.476,2.77,1,RHFE,
Gunnislake,08/08/2016,16,K2,,20160809_211213.wac,0,604.775,4.624,0_20160809_212217_775,21:22:17,21,09:22:17,9,RHFE,12,6,0.051693,PIPY;MYBE;PINA,14,68.037,-5.95,8.192,72.914,64.317,67.936,196.896,67.562,2.853,174.081,6.953,14.77,1,RHFE PIPY,
Gunnislake,08/08/2016,16,K2,,20160811_041027.wac,0,2434.559,5.24,0_20160811_045101_559,04:51:01,4,16:51:01,16,RHFE,12,9,0.207651,PIPI;PIPY,13,71.223,7.07,6.86,75.159,66.94,71.751,424.079,71.726,1.318,-433.358,4.834,12.46,1,RHFE PIPI,
Gunnislake,08/08/2016,16,K2,,20160811_210822.wac,0,105.924,2.375,0_20160811_211007_924,21:10:07,21,09:10:07,9,RHFE,7,7,0.62681,,9,81.466,-0.36,13.759,84.542,77.112,81.381,48.65,81.477,4.965,220.808,12.545,6.96,1,RHFE,
Gunnislake,08/08/2016,16,K2,,20160808_211432.wac,0,1561.937,2.061,0_20160808_214033_937,21:40:33,21,09:40:33,9,RHFE,7,7,0.557468,,7,81.064,12.94,14.372,83.634,78.453,81.211,46.453,81.064,4.202,156.439,12.877,6.52,1,RHFE,
Gunnislake,08/08/2016,16,K2,,20160811_210822.wac,0,512.052,2.247,0_20160811_211654_052,21:16:54,21,09:16:54,9,RHFE,7,7,0.768821,,8,80.548,20.64,8.811,83.124,78.313,80.697,45.138,80.731,1.89,138.959,6.604,2.3,1,RHFE,
Gunnislake,08/08/2016,16,K2,,20160810_211027.wac,0,750.791,2.308,0_20160810_212257_791,21:22:57,21,09:22:57,9,RHFE,7,7,0.648847,,8,81.866,8.08,15.058,85.19,76.914,81.863,33.474,82.607,3.592,76.866,14.415,2.71,1,RHFE,
Gunnislake,08/08/2016,16,K2,,20160813_040712.wac,0,234.125,2.473,0_20160813_041106_125,04:11:06,4,16:11:06,16,RHFE,13,13,0.647307,,14,81.135,-8.04,11.267,84.369,77.239,81.135,41.865,81.472,3.079,-194.355,8.488,5.21,1,RHFE,
Gunnislake,08/08/2016,16,K2,,20160810_051214.wac,0,756.192,2.407,0_20160810_052450_192,05:24:50,5,17:24:50,17,RHFE,13,13,0.691594,,13,80.155,14.57,8.98,83.308,77.636,80.602,41.971,80.957,2.029,161.167,6.856,8.21,1,RHFE,
Gunnislake,08/08/2016,16,K2,,20160810_051214.wac,0,618.413,2.285,0_20160810_052232_413,05:22:32,5,17:22:32,17,RHFE,7,7,0.690515,,8,80.437,2.8,16.613,84.469,77.516,80.809,49.691,80.939,3.097,301.294,12.631,3.47,1,RHFE,
Gunnislake,08/08/2016,16,K2,,20160814_210350.wac,0,38.847,2.652,0_20160814_210428_847,21:04:28,21,09:04:28,9,RHFE,7,5,0.184484,PIPI,9,74.718,3.56,8.841,77.688,71.905,74.822,60.096,74.364,3.653,141.939,8.467,1.12,1,RHFE PIPI RHFE,
Gunnislake,08/08/2016,16,K2,,20160812_210717.wac,0,719.435,2.364,0_20160812_211916_435,21:19:16,21,09:19:16,9,RHFE,7,7,0.70387,,8,81.977,-1.82,11.322,84.48,77.187,81.756,47.56,81.573,3.454,79.777,9.433,5.07,1,RHFE,
Gunnislake,08/08/2016,16,K2,,20160814_000508.wac,0,1772.64,2.159,0_20160814_003440_640,00:34:40,0,12:34:40,12,RHFE,6,6,0.603364,,7,80.252,-14.67,15.749,83.447,75.128,79.732,47.715,79.566,6.499,-286.105,12.592,3.34,1,RHFE,
Gunnislake,08/08/2016,16,K2,,20160810_201000.wac,0,3473.372,2.327,0_20160810_210753_372,21:07:53,21,09:07:53,9,RHFE,6,6,0.562098,,7,82.007,3.5,19.802,85.421,77.878,82.335,42.636,82.741,5.701,67.678,15.875,2.45,1,RHFE,
Gunnislake,08/08/2016,16,K2,,20160813_220600.wac,0,886.243,2.156,0_20160813_222046_243,22:20:46,22,10:20:46,10,RHFE,6,6,0.600017,,7,80.704,0.94,11.449,83.18,77.448,80.862,47.045,81.059,3.466,-33.399,11.105,3.55,1,RHFE,
Gunnislake,08/08/2016,16,K2,,20160808_211432.wac,0,372.604,2.295,0_20160808_212044_604,21:20:44,21,09:20:44,9,RHFE,6,6,0.600573,,7,81.676,-3.33,18.363,83.671,74.648,81.054,39.723,81.092,4.832,169.35,16.965,1.96,1,RHFE,
Gunnislake,08/08/2016,16,K2,,20160808_211432.wac,0,430.293,2.305,0_20160808_212142_293,21:21:42,21,09:21:42,9,RHFE,6,6,0.613372,,8,80.935,5.61,16.639,84.83,77.277,81.108,47.565,81.343,6.664,311.762,14.286,5.44,1,RHFE,
Gunnislake,08/08/2016,16,K2,,20160808_211432.wac,0,848.032,2.267,0_20160808_212840_032,21:28:40,21,09:28:40,9,RHFE,6,5,0.331729,MYBE,7,80.952,85.88,12.016,84.577,76.975,81.707,41.754,81.778,4.981,74.603,8.438,2.78,1,RHFE,
Gunnislake,08/08/2016,16,K2,,20160811_210822.wac,0,134.617,3.081,0_20160811_211036_617,21:10:36,21,09:10:36,9,RHFE,15,15,1,PIPI;PIPY;NYLE,16,81.452,4.91,9.389,84.547,76.258,81.39,68.502,81.494,4.936,-208.768,8.028,6.47,1,RHFE,
Gunnislake,08/08/2016,16,K2,,20160810_201000.wac,0,3489.844,2.255,0_20160810_210809_844,21:08:09,21,09:08:09,9,RHFE,6,6,0.589391,,7,82.264,7.79,10.07,86.45,77.286,82.267,40.376,82.853,3.991,-158.942,7.823,2.27,1,RHFE,
Gunnislake,08/08/2016,16,K2,,20160810_211027.wac,0,297.253,2.245,0_20160810_211524_253,21:15:24,21,09:15:24,9,RHFE,6,6,0.762403,,7,81.212,11.13,7.931,83.254,79.139,81.46,44.388,81.423,1.706,88.891,5.847,2.67,1,RHFE,
Gunnislake,08/08/2016,16,K2,,20160813_210517.wac,0,962.876,2.323,0_20160813_212119_876,21:21:19,21,09:21:19,9,RHFE,6,6,0.577862,,7,82.535,-52.4,14.266,85.431,77.713,81.87,43.388,82.376,3.306,128.348,12.555,4,1,RHFE,
Gunnislake,08/08/2016,16,K2,,20160813_210517.wac,0,766.005,2.293,0_20160813_211803_005,21:18:03,21,09:18:03,9,RHFE,6,6,0.54928,,8,82.513,0.1,15.655,86.601,78.982,82.353,44.452,82.602,4.215,-327.689,13.526,4.72,1,RHFE,
Gunnislake,08/08/2016,16,K2,,20160810_201000.wac,0,3362.487,2.312,0_20160810_210602_487,21:06:02,21,09:06:02,9,RHFE,6,6,0.6802,,7,82.387,-24.92,11.133,85.432,76.56,81.982,41.937,82.387,1.326,207.767,7.231,4.07,1,RHFE,
Gunnislake,08/08/2016,16,K2,,20160812_210717.wac,0,7.157,2.341,0_20160812_210724_157,21:07:24,21,09:07:24,9,RHFE,6,6,0.401172,,8,80.718,48.99,13.334,84.712,77.613,81.511,44.33,81.756,5.08,-131.699,12.182,3.72,1,RHFE,
Gunnislake,08/08/2016,16,K2,,20160812_210717.wac,0,166.231,2.268,0_20160812_211003_231,21:10:03,21,09:10:03,9,RHFE,5,5,0.659129,,6,82.069,0.65,15.581,85.361,79.978,82.209,50.637,82.495,2.647,212.719,13.996,5.09,1,RHFE,
Gunnislake,08/08/2016,16,K2,,20160812_210717.wac,0,198.079,2.22,0_20160812_211035_079,21:10:35,21,09:10:35,9,RHFE,5,5,0.758477,,6,81.525,1.27,10.576,83.882,78.157,81.602,43.723,81.797,5.044,38.549,9.878,2.24,1,RHFE,
Gunnislake,08/08/2016,16,K2,,20160812_050958.wac,0,722.744,2.255,0_20160812_052200_744,05:22:00,5,17:22:00,17,RHFE,5,5,0.520305,,8,80.696,41.95,16.702,84.301,74.94,81.037,41.85,81.033,6.47,78.615,14.381,3.8,1,RHFE,
Gunnislake,08/08/2016,16,K2,,20160814_210350.wac,0,559.743,2.256,0_20160814_211309_743,21:13:09,21,09:13:09,9,RHFE,5,5,0.4041,,6,82.647,-1.39,17.245,85.887,76.283,82.019,53.902,82.647,5.418,-140.778,14.875,4.27,1,RHFE,
Gunnislake,08/08/2016,16,K2,,20160812_210717.wac,0,262.639,2.36,0_20160812_211139_639,21:11:39,21,09:11:39,9,RHFE,5,5,0.702607,,6,81.825,3.15,12.476,84.387,75.99,81.711,59.659,82.217,2.784,72.304,9.598,4.35,1,RHFE,
Gunnislake,08/08/2016,16,K2,,20160813_050834.wac,0,938.921,2.177,0_20160813_052412_921,05:24:12,5,17:24:12,17,RHFE,5,4,0.317946,MYBE,5,79.495,134.55,14.491,83.633,76.651,80.739,49.056,80.849,2.674,26.728,12.82,4.51,1,RHFE,
Gunnislake,08/08/2016,16,K2,,20160810_211027.wac,0,278.047,2.352,0_20160810_211505_047,21:15:05,21,09:15:05,9,RHFE,5,5,0.536059,,8,82.185,1.04,15.725,85.321,74.977,82.057,43.758,82.394,5.6,-196.163,13.007,5.81,1,RHFE,
Gunnislake,08/08/2016,16,K2,,20160811_210822.wac,0,554.281,2.317,0_20160811_211736_281,21:17:36,21,09:17:36,9,RHFE,5,5,0.609853,,8,82.177,0.04,14.169,85.588,77.592,81.99,49.739,82.075,7.667,-32.176,13.576,2.25,1,RHFE,
Gunnislake,08/08/2016,16,K2,,20160809_211213.wac,0,2216.823,2.176,0_20160809_214909_823,21:49:09,21,09:49:09,9,RHFE,5,5,0.549681,,8,80.148,45.66,15.021,82.435,76.862,80.717,61.28,80.73,3.757,-46.017,12.707,5.45,1,RHFE,
Gunnislake,08/08/2016,16,K2,,20160814_200300.wac,0,3532.088,2.211,0_20160814_210152_088,21:01:52,21,09:01:52,9,RHFE,4,4,0.763358,,6,80.854,18.22,12.438,84.187,76.403,81.323,42.323,81.252,4.655,-57.091,9.739,3.65,1,RHFE PIPY,
Gunnislake,08/08/2016,16,K2,,20160809_211213.wac,0,621.205,3.093,0_20160809_212234_205,21:22:34,21,09:22:34,9,RHFE,23,22,0.586506,MYBE,26,81.239,31.07,8.669,84.478,78.21,81.618,49.753,81.892,3.148,-25.362,6.821,9.97,1,RHFE,
Gunnislake,08/08/2016,16,K2,,20160809_211213.wac,0,260.353,2.245,0_20160809_211633_353,21:16:33,21,09:16:33,9,RHFE,4,4,0.627787,,7,81.591,-21.38,22.308,85.05,75.087,81.451,39.938,82.265,6.148,143.121,20.82,2.8,1,RHFE,
Gunnislake,08/08/2016,16,K2,,20160811_230814.wac,0,11.327,2.072,0_20160811_230825_327,23:08:25,23,11:08:25,11,RHFE,4,4,0.748574,,5,81.362,-22.71,6.789,83.95,78.038,80.927,55.901,81.483,2.742,309.15,5.368,1.72,1,RHFE,
Gunnislake,08/08/2016,16,K2,,20160808_221450.wac,0,451.84,2.159,0_20160808_222221_840,22:22:21,22,10:22:21,10,RHFE,4,4,0.735846,,5,80.503,5.72,15.367,82.667,74.895,80.743,46.275,81,4.655,103.551,13.162,2.45,1,RHFE,
Gunnislake,08/08/2016,16,K2,,20160813_200500.wac,0,3574.743,2.256,0_20160813_210434_743,21:04:34,21,09:04:34,9,RHFE,4,4,0.679235,,5,79.736,12.26,11.572,84.241,75.7,80.157,36.659,80.823,7.92,145.861,10.841,2.88,1,RHFE,
Gunnislake,08/08/2016,16,K2,,20160811_051107.wac,0,260.895,2.204,0_20160811_051527_895,05:15:27,5,17:15:27,17,RHFE,3,3,0.624563,,5,79.693,0.33,20.273,83.222,76.313,79.986,58.03,80.044,7.247,-53.651,20.124,3.41,1,RHFE PIPI,
Gunnislake,08/08/2016,16,K2,,20160814_210350.wac,0,310.029,2.169,0_20160814_210900_029,21:09:00,21,09:09:00,9,RHFE,4,3,0.203612,PINA,5,73.32,0.29,16.213,75.753,68.458,73.3,62.906,73.373,3.429,95.809,15.134,4.22,1,RHFE,
Gunnislake,08/08/2016,14,L1,,20160812_041310.wac,0,3187.964,3.835,0_20160812_050617_964,05:06:17,5,17:06:17,17,RHFE,7,7,0.655396,,8,76.611,-13.78,5.458,78.622,72.279,76.499,272.469,76.723,0.84,-432.714,4.048,3.62,1,RHFE PIPI,
Gunnislake,08/08/2016,14,L1,,20160814_030907.wac,0,1430.571,2.028,0_20160814_033257_571,03:32:57,3,15:32:57,15,RHFE,7,7,0.731441,,7,81.405,76.46,4.9,84.258,79.321,82.036,48.381,81.895,1.951,-41.897,4.531,3.16,1,RHFE,
Gunnislake,08/08/2016,14,L1,,20160813_021140.wac,0,3089.511,2.188,0_20160813_030309_511,03:03:09,3,15:03:09,15,RHFE,7,7,0.666552,,7,82.498,-0.16,7.637,84.86,80.416,82.248,46.816,82.604,2.398,13.72,6.244,2.32,1,RHFE,
Gunnislake,08/08/2016,14,L1,,20160809_221633.wac,0,3141.116,2.083,0_20160809_230854_116,23:08:54,23,11:08:54,11,RHFE,3,3,0.663702,,4,82.501,-6.43,14.704,85.543,79.458,82.093,66.13,82.279,4.698,79.452,13.559,2.33,1,RHFE RHFE,
Gunnislake,08/08/2016,14,L1,,20160810_041611.wac,0,3194.62,2.079,0_20160810_050925_620,05:09:25,5,17:09:25,17,RHFE,6,3,0.063891,PINA,7,58.08,5.75,5.132,59.698,57.617,58.472,58.012,58.835,1.254,151.553,4.815,2.35,1,RHFE,
Gunnislake,08/08/2016,14,L1,,20160810_041611.wac,0,2050.553,2.245,0_20160810_045021_553,04:50:21,4,16:50:21,16,RHFE,8,6,0.227665,PINA,8,71.081,3.77,4.795,72.944,69.775,71.381,63.522,71.336,1.054,29.571,4.066,2.76,1,RHFE,
Gunnislake,08/08/2016,14,L1,,20160813_041116.wac,0,1645.267,2.132,0_20160813_043841_267,04:38:41,4,16:38:41,16,RHFE,5,4,0.289574,PINA,5,73.768,-0.86,4.006,74.766,72.577,73.54,63.886,73.525,0.059,151.379,2.884,2.19,1,RHFE,
Gunnislake,08/08/2016,14,L1,,20160809_051808.wac,0,159.133,2.065,0_20160809_052047_133,05:20:47,5,17:20:47,17,RHFE,5,5,0.581095,,5,81.313,2.62,8.062,84.282,78.282,81.389,52.203,81.32,1.071,-267.572,7.194,4.07,1,RHFE,
Gunnislake,08/08/2016,14,L1,,20160812_051348.wac,0,462.023,2.076,0_20160812_052130_023,05:21:30,5,17:21:30,17,RHFE,4,4,0.649016,,4,81.25,1.87,17.29,84.017,78.926,81.594,82.009,81.854,1.303,73.906,15.991,3.96,1,RHFE,
Gunnislake,08/08/2016,14,L1,,20160813_041116.wac,0,3353.107,2.092,0_20160813_050709_107,05:07:09,5,17:07:09,17,RHFE,4,3,0.232749,PINA,6,73.66,14.17,9.858,76.263,71.205,73.957,42.098,73.889,4.841,-92.538,7.926,3.36,1,RHFE,
Gunnislake,08/08/2016,14,L1,,20160810_041611.wac,0,3483.355,2.044,0_20160810_051414_355,05:14:14,5,17:14:14,17,RHFE,4,4,0.764227,,4,81.454,0.39,6.23,83.177,80.424,81.523,145.758,81.65,0.196,149.144,5.209,1.58,1,RHFE,
Gunnislake,08/08/2016,14,L1,,20160810_051617.wac,0,415.171,2.228,0_20160810_052312_171,05:23:12,5,17:23:12,17,RHFE,6,6,0.716683,,8,82.168,3.38,10.603,84.771,77.906,82.089,43.535,82.292,4.525,247.833,9.516,3.68,1,RHFE,
Gunnislake,08/08/2016,10,M1,,20160812_041240.wac,0,3480.469,3.029,0_20160812_051040_469,05:10:40,5,17:10:40,17,PIPY,11,7,0.121774,BABA;RHFE;MYBE,12,61.989,16.76,4.127,67.192,59.968,62.794,232.11,62.884,2.373,326.981,3.482,5.24,1,PIPY RHFE RHFE,
Gunnislake,08/08/2016,10,M1,,20160808_222039.wac,0,137.291,2.708,0_20160808_222256_291,22:22:56,22,10:22:56,10,RHFE,6,6,0.445049,,6,82.38,6.13,5.559,84.246,78.917,82.438,131.319,82.495,0.193,-440.621,5.235,3.72,1,RHFE,
Gunnislake,08/08/2016,10,M1,,20160812_041240.wac,0,3385.699,2.4,0_20160812_050905_699,05:09:05,5,17:09:05,17,RHFE,6,6,0.559391,,6,81.372,2.1,8.451,83.41,78.295,81.619,51.639,81.797,2.429,-103.225,6.601,3.79,1,RHFE,
Gunnislake,08/08/2016,10,M1,,20160809_211639.wac,0,377.12,2.279,0_20160809_212256_120,21:22:56,21,09:22:56,9,RHFE,6,6,0.757847,,6,81.383,-0.44,7.809,83.671,79.765,81.401,65.344,81.383,2.341,-24.739,6.825,2.31,1,RHFE,
Gunnislake,08/08/2016,10,M1,,20160809_031635.wac,0,1230.831,2.368,0_20160809_033705_831,03:37:05,3,15:37:05,15,RHFE,6,6,0.555494,,7,81.921,21.96,10.628,84.273,77.037,82.056,74.852,82.497,2.569,-134.492,9.666,2.7,1,RHFE,
Gunnislake,08/08/2016,10,M1,,20160809_021626.wac,0,1280.887,2.412,0_20160809_023746_887,02:37:46,2,14:37:46,14,RHFE,7,7,0.679898,,9,82.03,-8.75,14.937,84.665,80.257,81.883,50.361,82.034,3.391,166.42,13.539,6.43,1,RHFE,
Gunnislake,08/08/2016,10,M1,,20160812_041240.wac,0,3483.545,2.253,0_20160812_051043_545,05:10:43,5,17:10:43,17,RHFE,9,9,0.667829,,9,81.466,-7.77,8.627,84.119,78.39,81.438,36.813,81.485,2.003,182.244,8.136,6.36,1,RHFE,
Gunnislake,08/08/2016,10,M1,,20160808_231707.wac,0,1361.143,2.356,0_20160808_233948_143,23:39:48,23,11:39:48,11,RHFE,10,10,0.695341,,11,81.568,-0.35,13.256,84.305,77.623,81.307,37.174,81.58,3.174,65.186,12.614,8.09,1,RHFE,
Gunnislake,08/08/2016,10,M1,,20160808_231707.wac,0,938.183,2.416,0_20160808_233245_183,23:32:45,23,11:32:45,11,RHFE,10,10,0.735225,,12,81.301,-0.5,12.042,83.778,78.338,81.365,37.127,81.241,2.337,241.364,10.052,9.21,1,RHFE,
Gunnislake,08/08/2016,10,M1,,20160809_021626.wac,0,1322.152,2.547,0_20160809_023828_152,02:38:28,2,14:38:28,14,RHFE,11,10,0.549472,PIPY,11,81.729,0.66,11.599,83.619,79.762,81.992,44.292,81.883,2.034,126.648,10.895,8.96,1,RHFE,
Gunnislake,08/08/2016,10,M1,,20160809_021626.wac,0,1238.653,2.445,0_20160809_023704_653,02:37:04,2,14:37:04,14,RHFE,11,11,0.752867,,11,81.88,-0.77,7.306,84.076,79.822,81.846,46.651,81.976,0.536,163.121,6.564,3.31,1,RHFE,
Gunnislake,08/08/2016,10,M1,,20160809_021626.wac,0,1230.068,2.431,0_20160809_023656_068,02:36:56,2,14:36:56,14,RHFE,11,11,0.650066,,11,82.186,-0.31,6.408,84.436,79.675,81.937,47.619,82.2,2.372,193.092,6.029,3.71,1,RHFE,
Gunnislake,08/08/2016,10,M1,,20160809_021626.wac,0,1277.947,2.452,0_20160809_023743_947,02:37:43,2,14:37:43,14,RHFE,12,12,0.596479,,13,82.111,-2.39,9.163,84.37,78.84,82.038,203.744,82.101,2.447,337.029,8.762,7.97,1,RHFE RHFE,
Gunnislake,08/08/2016,10,M1,,20160810_031520.wac,0,1422.739,2.36,0_20160810_033902_739,03:39:02,3,15:39:02,15,RHFE,12,11,0.498606,MYBE,12,81.375,37.2,7.661,83.994,78.924,81.688,42.99,81.667,2.21,35.254,6.911,5.52,1,RHFE,
Gunnislake,08/08/2016,10,M1,,20160810_041519.wac,0,449.732,2.467,0_20160810_042248_732,04:22:48,4,16:22:48,16,RHFE,13,12,0.509312,PINA,13,78.001,-0.05,6.124,80.124,76.999,78.271,46.298,78.414,1.023,70.203,5.232,3.38,1,RHFE,
Gunnislake,08/08/2016,10,M1,,20160809_011627.wac,0,3310.947,2.552,0_20160809_021137_947,02:11:37,2,14:11:37,14,RHFE,13,13,0.720526,,13,81.782,1.32,12.734,83.848,79.608,81.667,41.199,82.049,0.677,181.409,11.313,7.35,1,RHFE,
Gunnislake,08/08/2016,29,M2,,20160809_211800.wac,0,1912.033,2.165,0_20160809_214952_033,21:49:52,21,09:49:52,9,RHFE,3,3,0.785311,,3,81.644,1.46,13.342,83.653,80.544,82.338,60.157,82.483,0.42,204.514,12.678,1.06,1,RHFE,
Gunnislake,08/08/2016,29,M2,,20160808_221805.wac,0,1270.941,2.957,0_20160808_223915_941,22:39:15,22,10:39:15,10,RHFE,13,13,0.758102,,16,81.359,-8.68,13.452,83.411,77.585,81.249,71.158,81.092,5.249,32.285,12.461,4.35,1,RHFE,
Gunnislake,08/08/2016,29,M2,,20160808_211657.wac,0,1038.636,2.863,0_20160808_213415_636,21:34:15,21,09:34:15,9,RHFE,12,12,0.613158,,13,80.422,-0.37,16.776,82.601,75.658,80.327,78.632,80.107,3.176,-217.906,14.774,5.54,1,RHFE,
Gunnislake,08/08/2016,43,N2,,20160810_211802.wac,0,2700.02,3.579,0_20160810_220302_020,22:03:02,22,10:03:02,10,PIPI,6,5,0.292302,RHFE,6,52.668,56.27,2.672,61.213,52.235,54.405,211.885,53.629,1.241,279.296,2.259,2.82,1,PIPI RHFE,
Gunnislake,08/08/2016,5,R1,,20160812_230905.wac,0,2574.069,6.829,0_20160812_235159_069,23:51:59,23,11:51:59,11,MYBR,4,2,0.139576,MYBE;MYNA,4,47.546,88.78,2.266,86.241,42.835,57.454,206.037,49.347,1.59,-250.447,1.916,6.42,1,MYO RHFE,
Gunnislake,08/08/2016,5,R1,,20160811_041306.wac,0,2114.431,2.868,0_20160811_044820_431,04:48:20,4,16:48:20,16,NoID,4,0,0,BABA;PINA;NYNO;PIPI,4,82.483,5.79,5.233,83.998,79.421,82.601,116.346,83.13,0.084,290.808,3.605,1.44,1,RHFE,
Gunnislake,08/08/2016,5,R1,,20160812_220905.wac,0,679.433,3.465,0_20160812_222024_433,22:20:24,22,10:20:24,10,NoID,16,0,0,PIPY,16,81.815,5.33,14.008,83.522,80.394,82.147,117.701,82.76,0.396,6.564,13.538,11.03,1,RHFE,
Gunnislake,08/08/2016,5,R1,,20160810_211303.wac,0,117.021,8.577,0_20160810_211500_021,21:15:00,21,09:15:00,9,PIPY,55,49,0.311282,BABA;RHFE,57,55.044,8.28,5.326,62.757,54.112,56.306,115.367,55.772,1.935,218.505,4.563,14.25,1,RHFE PIPY,
Gunnislake,08/08/2016,5,R1,,20160813_040906.wac,0,3475.975,10.224,0_20160813_050701_975,05:07:01,5,17:07:01,17,PIPY,37,32,0.253352,BABA;RHFE;MYBR;MYBE,45,57.052,-15.97,4.413,73.028,55.033,59.383,163.59,57.215,2.223,178.094,3.497,24.44,1,RHFE PIPY,
Gunnislake,08/08/2016,5,R1,,20160812_220905.wac,0,1782.268,2.931,0_20160812_223847_268,22:38:47,22,10:38:47,10,RHFE,6,6,0.779377,,6,81.099,5.69,5.771,82.914,80.686,81.758,126.212,82.211,0.073,101.155,5.616,2.98,1,RHFE,
Gunnislake,08/08/2016,5,R1,,20160813_230704.wac,0,2633.313,2.485,0_20160813_235057_313,23:50:57,23,11:50:57,11,RHFE,3,3,0.774378,,3,81.644,4.05,3.964,83.345,80.544,82.009,199.141,82.2,0.162,176.807,3.834,1.85,1,RHFE,
Gunnislake,08/08/2016,5,R1,,20160813_220705.wac,0,1450.689,2.809,0_20160813_223115_689,22:31:15,22,10:31:15,10,RHFE,3,3,0.789233,,3,81.361,3.87,5.139,83.062,80.816,81.781,122.814,82.483,0.098,50.852,5.139,0.87,1,RHFE,
Gunnislake,08/08/2016,5,R1,,20160811_221106.wac,0,976.221,3.077,0_20160811_222722_221,22:27:22,22,10:27:22,10,RHFE,12,12,0.600489,,12,81.859,3.13,13.655,83.431,80.221,82.096,133.366,82.557,0.793,46.017,13.278,11.75,1,RHFE,
Gunnislake,08/08/2016,5,R1,,20160812_041105.wac,0,1516.824,3.275,0_20160812_043621_824,04:36:21,4,16:36:21,16,RHFE,14,14,0.729019,,14,81.647,0.02,16.495,83.114,80.363,81.795,111.856,81.956,0.439,-10.93,15.818,6.59,1,RHFE,
Gunnislake,08/08/2016,5,R1,,20160813_040906.wac,0,2861.841,3.357,0_20160813_045647_841,04:56:47,4,16:56:47,16,RHFE,21,21,0.696891,,21,81.824,1.06,13.274,83.407,79.076,81.961,101.247,82.14,0.621,-177.414,12.505,14.7,1,RHFE,
Gunnislake,08/08/2016,12,S2,,20160813_040905.wac,0,3171.18,2.819,0_20160813_050156_180,05:01:56,5,17:01:56,17,PINA,4,3,0.13267,RHFE,4,51.029,2.49,7.255,51.992,48.778,51.157,234.485,51.241,1.748,-419.447,6.32,1.01,1,RHFE,
Gunnislake,08/08/2016,12,S2,,20160811_231105.wac,0,2675.668,2.031,0_20160811_235540_668,23:55:40,23,11:55:40,11,RHFE,2,2,0.746466,,2,80.408,-5.32,4.065,80.816,78.824,79.802,346.909,79.231,0.051,361.053,3.964,0.6,1,RHFE,
Gunnislake,08/08/2016,12,S2,,20160813_040905.wac,0,1532.331,3.168,0_20160813_043437_331,04:34:37,4,16:34:37,16,RHFE,11,11,0.527855,,11,81.413,0.59,23.945,82.815,70.737,80.916,72.789,81.506,1.176,-178.733,21.87,4.92,1,RHFE,
Gunnislake,08/08/2016,12,S2,,20160813_210703.wac,0,3499.996,3.403,0_20160813_220522_996,22:05:22,22,10:05:22,10,RHFE,11,11,0.593543,,11,81.737,0.46,33.94,83.047,74.098,81.499,168.891,81.432,1.708,192.473,32.24,7.74,1,RHFE,
Gunnislake,08/08/2016,12,S2,,20160810_041505.wac,0,2495.083,3.016,0_20160810_045640_083,04:56:40,4,16:56:40,16,RHFE,11,6,0.069772,PINA,11,63.127,2.48,24.055,64.485,59.869,63.348,137.549,63.641,1.457,128.842,22.381,3.67,1,RHFE,
Gunnislake,08/08/2016,12,S2,,20160814_020706.wac,0,1045.339,2.36,0_20160814_022431_339,02:24:31,2,14:24:31,14,RHFE,2,2,0.383213,,2,82.483,0.04,25.338,83.777,77.618,82.647,303.61,82.5,0.242,-924.118,25.338,0.54,1,RHFE,
Gunnislake,08/08/2016,18,T1,,20000104_035105.wac,0,1431.855,3.044,0_20000104_041456_855,04:14:56,4,16:14:56,16,RHFE,9,9,0.736711,,9,81.466,0.61,17.366,82.774,77.437,81.495,135.402,81.387,0.765,-49.822,17.038,3.73,1,RHFE,
Gunnislake,08/08/2016,18,T1,,20000102_034905.wac,0,2667.661,2.837,0_20000102_043332_661,04:33:32,4,16:33:32,16,RHFE,6,6,0.479693,,6,81.508,-0.39,22.498,82.932,78.945,81.558,213.645,81.236,2.231,-102.958,22.226,3.44,1,RHFE,
Gunnislake,08/08/2016,18,T1,,20000104_045105.wac,0,2657.392,2.507,0_20000104_053522_392,05:35:22,5,17:35:22,17,RHFE,4,4,0.702601,,4,82.058,-0.76,18.632,83.139,78.881,82.169,122.45,81.862,0.073,-450.488,18.62,0.77,1,RHFE,
Gunnislake,08/08/2016,18,T1,,20000104_035105.wac,0,2838.801,2.497,0_20000104_043823_801,04:38:23,4,16:38:23,16,RHFE,2,2,0.722913,,2,82.058,8.82,2.238,84.22,80.424,82.237,528.392,82.908,0.488,-309.868,2.238,0.9,1,RHFE,
Gunnislake,08/08/2016,18,T1,,20000104_035105.wac,0,1427.595,3.104,0_20000104_041452_595,04:14:52,4,16:14:52,16,RHFE,4,4,0.706693,,4,82.492,2.09,14.364,84.229,81.437,82.745,355.809,83.351,0.06,-244.047,13.462,1.91,1,RHFE,
Gunnislake,08/08/2016,3,U1,,20160810_211304.wac,0,138.495,2.504,0_20160810_211522_495,21:15:22,21,09:15:22,9,RHFE,10,10,0.599323,,10,81.898,-0.79,29.193,82.667,75.85,81.824,114.126,81.156,0.72,-126.959,29.153,3.26,1,RHFE,
Gunnislake,08/08/2016,3,U1,,20160811_211103.wac,0,973.749,2.749,0_20160811_212716_749,21:27:16,21,09:27:16,9,RHFE,13,13,0.623208,,13,81.274,1.29,31.207,82.305,76.052,81.211,125.368,81.007,0.735,-257.706,30.501,7.87,1,RHFE,
Gunnislake,08/08/2016,3,U1,,20160808_211603.wac,0,272.159,5.84,0_20160808_212035_159,21:20:35,21,09:20:35,9,RHFE,53,48,0.396015,PINA;PIPI;BABA,54,78.512,-0.44,27.977,79.607,71.201,78.49,88.726,78.4,1.653,-21.026,27.385,29.54,1,RHFE RHFE,
Gunnislake,08/08/2016,32,U2,,20160811_211104.wac,0,3463.856,2.343,0_20160811_220847_856,22:08:47,22,10:08:47,10,RHFE,6,6,0.609525,,6,81.508,0.74,17.726,82.625,79.744,81.527,158.985,81.372,0.156,-58.875,17.651,3.72,1,RHFE,
Gunnislake,08/08/2016,4,V1,,20160811_221105.wac,0,2204.261,6.537,0_20160811_224749_261,22:47:49,22,10:47:49,10,PIPI,28,25,0.418254,PIPY,30,47.061,30.62,4.689,60.654,46.521,49.413,179.296,48.611,1.995,323.536,4.001,8.49,1,RHFE PIPI,
Gunnislake,08/08/2016,4,V1,,20160811_221105.wac,0,2607.511,2.088,0_20160811_225432_511,22:54:32,22,10:54:32,10,RHFE,7,7,0.584055,,8,81.458,-0.39,20.404,82.399,74.372,81.362,112.115,81.131,0.559,-520.456,20.077,2.1,1,RHFE,
Gunnislake,08/08/2016,4,V1,,20160813_210704.wac,0,888.873,2.025,0_20160813_212152_873,21:21:52,21,09:21:52,9,RHFE,6,6,0.761575,,6,79.754,11.58,9.113,81.65,78.834,80.408,115.386,80.686,0.407,-106.632,8.972,5.3,1,RHFE,
Gunnislake,08/08/2016,4,V1,,20160808_221604.wac,0,1055.012,2.287,0_20160808_223339_012,22:33:39,22,10:33:39,10,RHFE,8,8,0.602876,,8,80.923,-0.49,27.408,81.756,74.858,80.705,131.369,80.518,0.65,94.45,27.041,2.57,1,RHFE,
Gunnislake,08/08/2016,4,V1,,20160813_220705.wac,0,1214.919,2.48,0_20160813_222719_919,22:27:19,22,10:27:19,10,RHFE,10,10,0.625425,,10,80.915,0.06,24.471,82.405,75.905,81.113,119.179,80.993,0.823,-326.782,24.417,4.7,1,RHFE,
Gunnislake,08/08/2016,4,V1,,20160811_221105.wac,0,2625.515,2.084,0_20160811_225450_515,22:54:50,22,10:54:50,10,RHFE,7,7,0.53153,,7,80.7,0.16,26.4,82.017,72.59,80.693,108.007,80.942,0.857,-150.725,25.189,1.67,1,RHFE,
Gunnislake,08/08/2016,4,V1,,20160811_211104.wac,0,3567.617,2.081,0_20160811_221031_617,22:10:31,22,10:10:31,10,RHFE,7,7,0.678186,,7,80.821,-0.86,25.278,82.255,77.423,81.056,137.359,80.723,0.692,230.751,24.167,3.15,1,RHFE,
Gunnislake,08/08/2016,4,V1,,20160809_211503.wac,0,3056.708,2.091,0_20160809_220559_708,22:05:59,22,10:05:59,10,RHFE,6,6,0.480552,,6,82.205,0.04,10.983,83.345,79.62,82.084,162.847,81.797,0.13,-236.293,10.909,2.83,1,RHFE,
Gunnislake,08/08/2016,4,V1,,20160814_010705.wac,0,3092.135,2.064,0_20160814_015837_135,01:58:37,1,13:58:37,13,RHFE,6,6,0.779739,,6,82.347,-0.74,19.225,83.056,78.404,82.101,110.365,81.644,0.603,-134.597,18.949,0.98,1,RHFE,
Gunnislake,08/08/2016,4,V1,,20160813_220705.wac,0,1171.545,2.053,0_20160813_222636_545,22:26:36,22,10:26:36,10,RHFE,8,8,0.626231,,8,80.518,-0.24,31.159,81.756,74.435,80.394,105.409,80.118,0.787,-62.559,30.811,3.89,1,RHFE,
Gunnislake,08/08/2016,4,V1,,20160809_221506.wac,0,2110.28,2.019,0_20160809_225016_280,22:50:16,22,10:50:16,10,RHFE,8,8,0.514087,,8,81.335,-0.89,32.398,82.62,76.455,81.485,140.374,81.344,1.092,-10.533,32.052,8.65,1,RHFE,
Gunnislake,08/08/2016,4,V1,,20160809_211503.wac,0,3053.22,2.179,0_20160809_220556_220,22:05:56,22,10:05:56,10,RHFE,8,8,0.724936,,8,81.65,-0.34,24.482,82.704,77.266,81.629,129.626,81.335,0.728,38.547,24.408,2.77,1,RHFE,
Gunnislake,08/08/2016,4,V1,,20160810_211303.wac,0,251.227,2.072,0_20160810_211714_227,21:17:14,21,09:17:14,9,RHFE,7,6,0.327803,MYBR,6,80.969,0.23,19.275,82.205,77.96,81.039,151.232,81.258,1.898,-179.362,19.012,5.54,1,RHFE,
Gunnislake,08/08/2016,4,V1,,20160812_220905.wac,0,29.988,2.411,0_20160812_220934_988,22:09:34,22,10:09:34,10,RHFE,8,8,0.721616,,8,81.339,1.05,17.802,82.612,76.595,81.327,124.568,81.356,0.586,14.911,17.397,3.42,1,RHFE,
Gunnislake,08/08/2016,4,V1,,20160809_231505.wac,0,1384.079,2.32,0_20160809_233809_079,23:38:09,23,11:38:09,11,RHFE,7,7,0.575246,,7,80.476,0.06,29.764,81.545,73.185,80.225,135.318,80.378,1.963,-196.942,28.794,1.63,1,RHFE,
Gunnislake,08/08/2016,11,V2,,20160810_041504.wac,0,3549.923,3.376,0_20160810_051413_923,05:14:13,5,17:14:13,17,NoID,13,0,0,PIPI,13,81.332,1.47,16.42,82.581,78.603,81.405,119.399,81.544,0.442,-207.19,16.412,7.98,1,RHFE,
Gunnislake,08/08/2016,11,V2,,20160811_041305.wac,0,2550.631,2.268,0_20160811_045535_631,04:55:35,4,16:55:35,16,NoID,8,0,0,PIPI;PIPI;EPSE,8,80.633,5.49,14.119,82.603,78.82,80.996,110.996,81.658,0.706,10.609,13.279,8,1,RHFE,
Gunnislake,08/08/2016,11,V2,,20160811_041305.wac,0,1004.057,2.041,0_20160811_042949_057,04:29:49,4,16:29:49,16,Noise,1,0,0,,0,0,0,0,0,0,0,0,0,0,0,0,0,1,RHFE,
Gunnislake,08/08/2016,11,V2,,20160813_210704.wac,0,2201.339,4.86,0_20160813_214345_339,21:43:45,21,09:43:45,9,RHFE,11,11,0.487886,,12,81.721,-2.38,16.975,83.077,77.632,81.724,117.203,81.871,0.262,-357.622,16.859,8.92,1,RHFE,
Gunnislake,08/08/2016,11,V2,,20160809_051604.wac,0,125.188,3.011,0_20160809_051809_188,05:18:09,5,17:18:09,17,RHFE,11,11,0.724416,,12,81.584,-1.26,18.287,82.571,78.511,81.447,105.184,80.977,1.99,257.507,18.047,5.41,1,RHFE,
Gunnislake,08/08/2016,11,V2,,20160808_231605.wac,0,963.427,3.272,0_20160808_233208_427,23:32:08,23,11:32:08,11,RHFE,16,16,0.620321,,16,82.022,0.03,16.762,83.52,79.77,82.1,95.516,82.037,0.092,-227.073,16.246,16.94,1,RHFE,
Gunnislake,08/08/2016,11,V2,,20160810_041504.wac,0,2554.952,3.147,0_20160810_045738_952,04:57:38,4,16:57:38,16,RHFE,11,11,0.587213,,11,81.497,-1.17,18.806,82.879,78.3,81.579,123.85,81.574,0.368,-513.477,18.629,3.19,1,RHFE,
Gunnislake,08/08/2016,11,V2,,20160811_051305.wac,0,71.685,2.913,0_20160811_051416_685,05:14:16,5,17:14:16,17,RHFE,11,11,0.590903,,11,80.606,3.52,12.676,82.028,77.617,80.715,115.155,80.992,0.434,-135.14,11.843,6.89,1,RHFE,
Gunnislake,08/08/2016,11,V2,,20160814_020706.wac,0,2.844,2.655,0_20160814_020708_844,02:07:08,2,14:07:08,14,RHFE,11,11,0.717495,,12,80.751,2.47,12.795,82.421,79.681,81.018,115.875,81.31,1.166,72.072,11.499,11.81,1,RHFE,
Gunnislake,08/08/2016,11,V2,,20160809_051604.wac,0,526.452,2.847,0_20160809_052450_452,05:24:50,5,17:24:50,17,RHFE,10,10,0.606128,,10,80.911,-0.72,19.929,81.918,76.412,80.767,106.562,80.597,0.757,-220.918,19.818,7.56,1,RHFE,
Gunnislake,08/08/2016,11,V2,,20160813_220709.wac,0,1691.667,3.132,0_20160813_223520_667,22:35:20,22,10:35:20,10,RHFE,16,16,0.745331,,16,81.547,5.87,8.904,83.187,80.616,81.866,109.954,81.96,0.3,69.005,8.579,8.54,1,RHFE,
Gunnislake,08/08/2016,11,V2,,20160812_051106.wac,0,3.459,2.84,0_20160812_051109_459,05:11:09,5,17:11:09,17,RHFE,10,10,0.69964,,11,79.872,0.41,20.072,81.209,76.615,79.83,132.061,80.017,2.311,-52.815,19.867,9.81,1,RHFE,
Gunnislake,08/08/2016,11,V2,,20160813_220709.wac,0,1562.548,2.751,0_20160813_223311_548,22:33:11,22,10:33:11,10,RHFE,9,9,0.654586,,9,82.116,0.19,10.114,83.263,79.894,81.969,158.453,82.215,0.173,-13.225,10.098,5.8,1,RHFE,
Gunnislake,08/08/2016,11,V2,,20160809_041606.wac,0,9.131,2.868,0_20160809_041615_131,04:16:15,4,16:16:15,16,RHFE,8,8,0.650744,,8,81.65,1.48,9.928,82.705,78.984,81.656,165.55,81.867,0.098,-401.939,9.903,3.97,1,RHFE,
Gunnislake,08/08/2016,11,V2,,20160813_040907.wac,0,3047.853,2.845,0_20160813_045954_853,04:59:54,4,16:59:54,16,RHFE,8,8,0.75467,,8,81.458,0.23,17.377,82.828,80.212,81.63,108.719,81.756,0.11,-85.951,16.827,1.84,1,RHFE,
Gunnislake,08/08/2016,11,V2,,20160811_041305.wac,0,2809.136,2.963,0_20160811_045954_136,04:59:54,4,16:59:54,16,RHFE,12,12,0.685374,,12,81.307,0.32,15.692,82.713,79.303,81.431,117.457,81.386,0.613,-63.279,15.277,5.63,1,RHFE,
Gunnislake,08/08/2016,11,V2,,20160813_220709.wac,0,1696.364,2.535,0_20160813_223525_364,22:35:25,22,10:35:25,10,RHFE,8,8,0.768586,,9,81.55,3.44,9.354,82.877,80.544,81.769,126.861,81.75,3.815,-69.694,9.31,7.93,1,RHFE,
Gunnislake,08/08/2016,11,V2,,20160813_220709.wac,0,1682.691,3.308,0_20160813_223511_691,22:35:11,22,10:35:11,10,RHFE,21,21,0.662587,,21,82.132,0.51,9.645,83.613,80.159,82.165,76.09,82.375,0.655,-283.426,9.499,6.86,1,RHFE,
Gunnislake,08/08/2016,11,V2,,20160814_000708.wac,0,941.839,3.66,0_20160814_002249_839,00:22:49,0,12:22:49,12,RHFE,2,2,0.784511,,2,81.224,0.15,3.402,82.483,80.408,81.158,107.278,81.258,0.073,-219.708,3.402,0.7,1,RHFE,
Gunnislake,08/08/2016,11,V2,,20160810_051506.wac,0,118.431,3.168,0_20160810_051704_431,05:17:04,5,17:17:04,17,RHFE,7,7,0.707647,,7,80.933,0.65,18.541,82.878,78.871,81.262,200.333,81.545,0.203,-292.641,17.052,4.13,1,RHFE,
Gunnislake,08/08/2016,11,V2,,20160810_041504.wac,0,3359.18,2.619,0_20160810_051103_180,05:11:03,5,17:11:03,17,RHFE,7,7,0.669231,,7,81.404,0.49,22.417,82.372,80.471,81.516,191.09,81.526,0.077,145.753,22.375,5.74,1,RHFE,
Gunnislake,08/08/2016,11,V2,,20160812_051106.wac,0,12.34,3.559,0_20160812_051118_340,05:11:18,5,17:11:18,17,RHFE,22,22,0.690127,,22,80.375,-0.34,20.27,81.503,74.596,80.062,87.364,80.058,1.06,-119.491,19.436,8.59,1,RHFE RHFE,
Gunnislake,08/08/2016,11,V2,,20160810_031506.wac,0,3033.979,2.92,0_20160810_040539_979,04:05:39,4,16:05:39,16,RHFE,13,13,0.615986,,13,81.85,0.66,13.584,83.224,79.359,81.888,121.648,81.973,0.396,-429.273,13.486,5.8,1,RHFE,
Gunnislake,08/08/2016,11,V2,,20160813_210704.wac,0,2378.124,2.475,0_20160813_214642_124,21:46:42,21,09:46:42,9,RHFE,7,7,0.764095,,7,80.709,-0.02,11.538,82.25,79.556,80.903,121.039,81.073,0.549,60.614,11.538,7.4,1,RHFE,
Gunnislake,08/08/2016,11,V2,,20160809_011605.wac,0,2110.393,2.905,0_20160809_015115_393,01:51:15,1,13:51:15,13,RHFE,13,12,0.539254,MYBE,13,80.854,58.51,15.399,82.895,80.035,81.635,121.803,81.779,1.224,96.9,15.247,9.34,1,RHFE,
Gunnislake,08/08/2016,11,V2,,20160812_051106.wac,0,23.909,4.589,0_20160812_051129_909,05:11:29,5,17:11:29,17,RHFE,23,23,0.649614,,23,79.671,2.52,12.205,81.193,76.401,80.01,187.31,80.261,0.701,-79.667,11.618,19.21,1,RHFE,
Gunnislake,08/08/2016,11,V2,,20160812_051106.wac,0,33.72,3.079,0_20160812_051139_720,05:11:39,5,17:11:39,17,RHFE,16,16,0.620802,,17,80.395,0.02,25.016,81.458,75.897,80.141,116.31,80.2,1.68,-18.326,23.513,11.93,1,RHFE,
Gunnislake,08/08/2016,11,V2,,20160809_011605.wac,0,2867.116,2.583,0_20160809_020352_116,02:03:52,2,14:03:52,14,RHFE,6,6,0.416374,,6,81.927,0.47,9.479,83.215,75.888,81.975,191.42,82.075,0.14,-1061.726,9.389,1.64,1,RHFE,
Gunnislake,08/08/2016,11,V2,,20160809_041606.wac,0,556.551,2.548,0_20160809_042522_551,04:25:22,4,16:25:22,16,RHFE,5,5,0.642771,,5,80.836,1.21,20.697,82.32,77.036,81.099,206.916,81.313,0.069,-348.849,20.517,8.68,1,RHFE,
Gunnislake,08/08/2016,11,V2,,20160813_020907.wac,0,1593.385,3.313,0_20160813_023540_385,02:35:40,2,14:35:40,14,RHFE,14,14,0.648953,,14,82.792,1.73,15.089,84.159,80.785,82.837,79.126,83.161,0.368,147.802,15.051,6.05,1,RHFE,
Gunnislake,08/08/2016,11,V2,,20160808_211603.wac,0,480.145,2.553,0_20160808_212403_145,21:24:03,21,09:24:03,9,RHFE,5,5,0.763982,,5,80.509,1.49,12.69,82.156,79.385,80.973,171.711,81.163,0.118,234.933,11.474,3.02,1,RHFE,
Gunnislake,08/08/2016,11,V2,,20160814_000708.wac,0,264.867,3.432,0_20160814_001132_867,00:11:32,0,12:11:32,12,RHFE,4,4,0.506826,,4,80.62,2.04,21.843,82.27,77.224,80.784,140.554,81.429,1.579,-454.586,21.831,5.1,1,RHFE,
Gunnislake,08/08/2016,11,V2,,20160813_020907.wac,0,2072.309,3.089,0_20160813_024339_309,02:43:39,2,14:43:39,14,RHFE,14,14,0.639012,,14,82.25,-1.7,9.782,83.235,79.536,82.032,91.771,82.073,0.916,-216.43,9.758,6.37,1,RHFE,
Gunnislake,08/08/2016,11,V2,,20160809_221505.wac,0,763.199,2.5,0_20160809_222748_199,22:27:48,22,10:27:48,10,RHFE,4,4,0.482642,,4,81.029,-1.64,22.468,82.092,76.537,81.16,124.207,80.816,0.062,-290.568,21.794,1.82,1,RHFE,
Gunnislake,08/08/2016,11,V2,,20160809_011605.wac,0,1710.596,2.203,0_20160809_014435_596,01:44:35,1,13:44:35,13,RHFE,4,4,0.802112,,4,81.446,-2.14,10.34,82.288,78.341,81.03,266.485,81.02,1.065,153.322,10.327,1.99,1,RHFE,
Gunnislake,08/08/2016,11,V2,,20160811_051305.wac,0,49.052,3.247,0_20160811_051354_052,05:13:54,5,17:13:54,17,RHFE,15,15,0.539991,,16,81.345,-5.76,9.726,82.76,78.803,81.462,81.77,81.245,1.767,-523.756,9.624,8.61,1,RHFE,
Gunnislake,08/08/2016,11,V2,,20160810_041504.wac,0,2722.665,2.933,0_20160810_050026_665,05:00:26,5,17:00:26,17,RHFE,15,14,0.582625,MYBE,15,80.943,47.97,12.924,82.719,78.964,81.554,78.039,81.766,0.345,149.723,12.779,5.61,1,RHFE,
Gunnislake,08/08/2016,11,V2,,20160812_021108.wac,0,2716.379,4.12,0_20160812_025624_379,02:56:24,2,14:56:24,14,RHFE,3,3,0.512163,,3,81.394,-2.36,5.317,82.483,77.975,81.338,87.655,81.361,0.135,394.526,4.972,0.9,1,RHFE,
Gunnislake,08/08/2016,11,V2,,20160812_051106.wac,0,16.563,6.236,0_20160812_051122_563,05:11:22,5,17:11:22,17,RHFE,36,36,0.650338,,36,79.998,0.63,15.243,81.361,77.157,80.125,134.373,80.108,0.402,-402.93,14.648,28.68,1,RHFE RHFE,
Gunnislake,08/08/2016,11,V2,,20160811_021306.wac,0,1900.869,2.729,0_20160811_024446_869,02:44:46,2,14:44:46,14,RHFE,2,2,0.787493,,2,81.633,2.85,8.671,82.908,80.816,81.716,85.978,82.483,0.048,-232.801,8.647,0.58,1,RHFE,
Gunnislake,08/08/2016,11,V2,,20160810_211304.wac,0,626.38,2.619,0_20160810_212330_380,21:23:30,21,09:23:30,9,RHFE,8,8,0.778209,,9,81.186,0.38,16.435,82.498,80.105,81.42,165.872,81.281,3.232,108.073,16.074,2.87,1,RHFE,
Gunnislake,08/08/2016,38,W1,,20160811_211104.wac,0,878.633,3.165,0_20160811_212542_633,21:25:42,21,09:25:42,9,PIPY,4,4,0.569506,,4,54.735,24.15,3.694,67.083,54.351,57.143,212.681,55.868,2.051,409.632,3.315,1.31,1,RHFE PIPY,
Gunnislake,08/08/2016,38,W1,,20160809_211503.wac,0,225.099,4.2,0_20160809_211848_099,21:18:48,21,09:18:48,9,PIPY,17,17,0.73177,,17,54.14,26.55,3.155,61.219,53.94,55.734,129.798,56.196,0.96,210.608,2.798,3.75,1,RHFE PIPY,
Gunnislake,08/08/2016,38,W1,,20160811_211104.wac,0,258.173,5.825,0_20160811_211522_173,21:15:22,21,09:15:22,9,PIPY,22,12,0.078578,RHFE,24,67.697,15.77,19.472,72.711,62.727,68.396,165.148,68.556,1.924,171.417,17.702,46.04,1,RHFE PIPY,
Gunnislake,08/08/2016,38,W1,,20160809_211503.wac,0,22.94,6.859,0_20160809_211525_940,21:15:25,21,09:15:25,9,RHFE,27,15,0.07583,PIPY;BABA,27,69.766,9.82,13.061,74.247,67.405,70.449,194.039,70.302,0.746,112.546,12.152,4.31,1,RHFE PIPY,
Gunnislake,08/08/2016,38,W1,,20160810_201300.wac,0,3530.969,3.029,0_20160810_211150_969,21:11:50,21,09:11:50,9,RHFE,17,17,0.657942,,17,80.886,-0.42,20.698,81.905,76.076,80.702,95.519,80.563,1.65,87.585,19.303,3.76,1,RHFE,
Gunnislake,08/08/2016,38,W1,,20160808_211603.wac,0,103.42,2.979,0_20160808_211746_420,21:17:46,21,09:17:46,9,RHFE,14,14,0.690722,,15,80.562,-2.59,18.939,81.762,77.122,80.516,93.29,80.304,0.339,-106.471,17.107,7.58,1,RHFE,
Gunnislake,08/08/2016,38,W1,,20160810_201300.wac,0,3342.549,3.049,0_20160810_210842_549,21:08:42,21,09:08:42,9,RHFE,12,9,0.197298,PINA,14,69.216,-29.81,26.549,70.16,65.725,69.09,111.734,69.106,3.378,-29.4,24.452,3.34,1,RHFE,
Gunnislake,08/08/2016,38,W1,,20160811_211104.wac,0,316.147,2.952,0_20160811_211620_147,21:16:20,21,09:16:20,9,RHFE,11,11,0.576296,,12,81.105,-0.81,22.423,82.3,73.558,80.885,110.02,80.773,3.374,-408.844,21.975,2.74,1,RHFE,
Gunnislake,08/08/2016,21,W2,,20160811_011305.wac,0,2989.547,3.352,0_20160811_020254_547,02:02:54,2,14:02:54,14,RHFE,17,17,0.689647,,17,82.141,-2.69,22.48,82.908,74.98,81.705,103.329,81.364,1.057,-62.421,22.068,9.5,1,RHFE,
Gunnislake,08/08/2016,21,W2,,20160811_221104.wac,0,3062.864,3.035,0_20160811_230206_864,23:02:06,23,11:02:06,11,RHFE,9,9,0.700421,,12,79.754,-7.32,20.73,80.626,71.75,78.696,134.837,78.427,2.549,-59.954,20.584,7.13,1,RHFE,
Gunnislake,08/08/2016,21,W2,,20160808_231605.wac,0,3207.007,2.792,0_20160809_000932_007,00:09:32,0,12:09:32,12,RHFE,6,6,0.708682,,6,80.424,0.12,20.744,81.53,78.723,80.595,164.624,80.441,0.288,236.394,20.711,2.09,1,RHFE,
Gunnislake,08/08/2016,21,W2,,20160809_211503.wac,0,429.784,2.915,0_20160809_212212_784,21:22:12,21,09:22:12,9,RHFE,12,12,0.611592,,13,81.344,-0.72,26.492,82.693,77.236,81.415,108.809,81.4,1.688,4.868,25.398,8.64,1,RHFE,
Gunnislake,08/08/2016,21,W2,,20160808_231605.wac,0,1859.579,2.72,0_20160808_234704_579,23:47:04,23,11:47:04,11,RHFE,6,6,0.648669,,7,81.195,1.03,33.052,82.512,75.229,81.217,133.278,81.317,1.592,-90.591,30.885,2,1,RHFE,
Gunnislake,08/08/2016,21,W2,,20160809_221506.wac,0,1466.647,2.452,0_20160809_223932_647,22:39:32,22,10:39:32,10,RHFE,4,4,0.788409,,4,80.612,2.24,11.303,82.279,79.616,81.039,119.315,81.437,1.751,197.384,11.007,1.13,1,RHFE,
Gunnislake,08/08/2016,21,W2,,20160809_031605.wac,0,50.731,3.268,0_20160809_031655_731,03:16:55,3,15:16:55,15,RHFE,15,13,0.350658,PINA,15,76.486,-0.69,23.587,77.203,71.546,76.293,110.935,75.836,0.84,-246.599,23.344,4.44,1,RHFE,
Gunnislake,08/08/2016,20,X1,,20160811_021304.wac,0,3541.767,3.332,0_20160811_031205_767,03:12:05,3,15:12:05,15,NoID,26,0,0,PIPY,27,82.616,0.38,5.519,84.001,81.464,82.706,70.912,82.807,0.485,49.457,5.336,8.93,1,RHFE RHFE,
Gunnislake,08/08/2016,40,Z2,,20160815_000505.wac,0,2294.259,2.64,0_20160815_004319_259,00:43:19,0,12:43:19,12,RHFE,11,11,0.700461,,12,80.422,-0.45,19.475,82.161,76.197,80.368,98.25,80.509,2.694,209.475,18.825,7.2,1,RHFE,
